PVID,True_Slope,Predicted_Slope
723333286,-2.930166666666667,-0.71719724
727548044,0.9283333333333333,-0.40602142
727548045,0.46299999999999997,-0.017109811
723365881,-1.419,-0.3012076
567335112,-1.2562,0.123010814
586829736,-0.691,0.051690757
586825145,-0.6355,0.066616714
586825150,-0.9071666666666668,-0.03280431
724100781,3.4785000000000004,-0.0024949908
77274706,3.4415,-0.94259864
547985871,-2.9185000000000003,-1.2043805
724100761,0.7825,-0.30458075
64949906,0.2355,0.24567378
554767228,-0.46025,-0.5119317
53396941,0.5509999999999999,0.102748096
724100792,1.9074999999999998,0.3484425
724100794,2.2005999999999997,1.7769797
77317428,0.577,-0.105564
77274760,1.498,-0.47986656
554768446,-1.576,-0.70969325
61015127,1.512,-0.3444373
762909233,-1.6503333333333332,-0.030620158
762909232,-1.5916666666666668,-0.2154563
762909227,-1.5030000000000001,-0.10306376
762909241,-1.7167499999999998,-0.0803588
762909240,-2.292,-0.26200277
75421425,1.0755,-0.1553126
75421423,0.977,-0.3545732
724069756,0.8311999999999999,0.5289695
77298429,-0.2215,-0.04992336
77279288,-0.33899999999999997,-0.039867222
565421060,0.2946666666666667,0.050353825
724084779,0.876,-0.26384312
565432816,-1.222,0.22363657
53601649,0.5378695652173913,-0.12545365
724100819,-0.4263333333333333,0.11527425
565397023,0.484,-0.26901263
77274751,-0.5529999999999999,-0.05515009
548095981,-0.41900000000000004,-0.06193012
543977663,-0.17,0.010775745
772344292,3.3659999999999997,0.7269211
52643821,0.03966666666666666,-0.30713147
52643822,0.1845,0.22855419
724102338,0.5581666666666666,0.30268472
67192577,-0.8605,-0.28121763
550086688,-2.874,-0.42170686
550086686,-2.8485,-0.91593164
792531457,-0.08933333333333333,0.16313201
772380120,-1.5676666666666668,0.013769448
792531467,-1.1164999999999998,-0.15879089
52527075,0.3685,-0.15101725
67192915,0.9623333333333334,-0.20448142
67192914,1.9006666666666667,-0.25348407
550087662,-0.883,-0.36122638
52520028,-0.27959999999999996,-0.14275658
67195342,-0.8066666666666666,0.46582597
51691881,-0.5685,-0.05764705
540614902,0.1096,0.07187945
540614904,0.0385,0.39008182
67906606,0.0805,-0.07897943
792466072,-0.14266666666666666,0.11804032
792466073,-0.24157142857142855,-0.061436713
67946569,-0.085,-0.21739918
67946571,-0.09475,-0.40303832
567287545,0.38319999999999993,0.40125936
567287543,1.2246666666666668,0.084848106
723337444,0.32,0.48886514
723337443,0.16949999999999998,-0.098210454
567287541,0.24333333333333337,0.64470243
567287540,1.394,0.23059064
772894791,0.991090909090909,-0.4555462
550086324,1.7502499999999999,0.18329865
67199864,1.137,-0.1890232
67199863,1.1902,-0.08580464
554710058,1.1869999999999998,-0.14904255
722963274,1.571,-0.16714996
723022195,1.8613333333333333,0.08768529
723022194,1.9863333333333335,0.22453266
792687867,2.47125,-0.28548712
723022201,2.6515,-0.7146142
792687862,2.58875,-1.8182745
792687861,2.3499999999999996,-0.11693442
52569705,1.7963999999999998,-0.26127642
540639870,-0.07866666666666666,0.09066057
792526804,-0.48579999999999995,-0.06452137
783452375,-0.11866666666666666,-0.038022935
773662897,0.81,0.11728811
783406252,0.40599999999999997,-0.1370452
565444470,-0.7383333333333333,-0.35743243
759738813,-2.8865,-0.025703728
53444416,0.8603636363636362,-0.22136205
565423821,1.194,-0.080616355
792573996,-0.502,0.051865518
60097663,-0.07133333333333333,0.41406852
792548248,-0.35333333333333333,0.020439804
792548244,0.09675,-0.0623886
554743286,0.118,-0.073726475
724695121,0.022666666666666665,-0.2303074
724695120,-0.0075,-0.11714101
769267265,-0.018000000000000002,0.35748962
51926633,0.9602500000000002,-0.32213873
554711845,-0.98375,0.008718669
51923451,-0.0616,0.11391789
51923416,-0.034999999999999996,0.027319133
51926568,-1.4681428571428572,-0.2891342
51926567,0.586,-0.42359787
51926565,-0.19400000000000003,-0.08591306
67948619,0.042499999999999996,0.11823517
67948615,0.111,0.16173357
75421387,-0.3816,-0.3006311
51558942,-0.7240833333333333,-1.1948562
51582205,-0.4815,0.11447513
51582319,-0.40800000000000003,-0.21783453
51525158,-1.0058947368421054,-0.78437835
67945840,0.656,0.30512184
554724696,1.082,-0.054608464
67942587,-0.9683333333333333,-0.0712415
67942583,0.012000000000000004,0.10724622
51926187,-0.0669,0.029866338
807455626,1.1976666666666667,0.0935722
807455625,1.2403749999999998,0.08468449
586499149,1.31975,0.4502948
51925568,0.33216666666666667,-0.4939658
554733511,0.138,0.32446283
767265961,0.26733333333333337,0.04459864
767265960,0.1385,0.04455614
766850692,-0.6065,0.0501343
554733500,0.41374999999999995,-0.13255656
565421152,-0.4795,-0.034457505
565435929,0.9296666666666665,-0.081857145
547991641,-0.3615,-0.37033445
547991640,-0.374,-0.20376426
554769945,0.14533333333333334,0.061139524
554769946,0.28300000000000003,0.12477815
565397353,1.0365,-0.14666587
75060951,1.0245,-0.021217048
586814387,1.0570000000000002,-0.1526205
77316051,1.096,0.35108656
67998167,-0.9672499999999999,-0.08161253
67998178,-0.955,-0.18041188
792513233,0.17950000000000002,0.06714594
792513234,-0.18733333333333335,0.16563487
554733080,-0.107,0.040507674
766598356,0.24549999999999997,0.04003173
766598355,-0.17633333333333334,0.06935549
554733074,0.153,-0.021248162
586484859,-0.5236666666666666,-0.18471879
586484860,-0.5213333333333333,0.0026895404
554728456,0.5073333333333333,-0.060107827
51753165,-1.8675,-0.8021051
51752950,-1.9885,-0.16388994
67910876,0.11933333333333333,0.03062445
724488028,0.16924999999999998,0.16795003
724488029,-0.258,-0.114790976
724488034,-0.757,0.32684767
724405773,-0.3265,-0.25354463
724405772,-0.26849999999999996,-0.053635538
783450236,-1.0005000000000002,-0.08133322
783450237,-1.309,-0.16153628
61363166,-1.8771666666666667,-0.6434565
61363124,-0.9338000000000001,-0.42552453
51579642,-1.8790000000000002,-0.2773326
51579609,-2.3053333333333335,-0.12235242
51579543,-2.2820000000000005,-0.46509045
51579155,-1.22,-0.14950615
76181665,-2.35,-0.47496873
51578366,-2.3605,-0.32428735
51578207,-2.2063333333333333,-0.76601785
61359548,-0.16099999999999998,0.101924956
61359547,-0.12719999999999998,0.06639105
61371799,0.356,-0.2194125
61371803,0.32180000000000003,-0.08875662
51525157,0.9808750000000002,0.19147748
587010992,-1.3074,0.1553458
723359228,0.315,-1.4794357
723359229,0.35266666666666663,0.088014066
52714561,0.09,-0.093554795
61369365,0.01,0.10564178
51896513,-0.8033999999999999,-0.09046847
67940670,-0.6783333333333333,-0.030385077
51757518,-0.27799999999999997,0.37278396
554721596,0.264,-0.19965369
51759296,0.36366666666666664,0.15754074
83574902,-0.34279999999999994,0.1108045
554721573,-2.125,0.05475074
708873063,0.5258333333333334,-0.011529088
708873071,1.8443333333333332,-0.10017902
708873072,2.71475,-0.0781427
586532733,-1.7280000000000002,-0.3185056
554725704,-0.9183333333333333,0.09944737
51761354,-2.0682,0.7826989
80675095,-2.877333333333334,0.030706346
80675094,-3.138666666666667,-0.17142266
762579084,0.7135,0.10532433
762579083,-0.6355000000000001,0.112855434
762579096,-0.65325,-0.045808494
732990639,-0.46425000000000005,-0.02432084
756023355,-0.5226,0.037825525
756023354,-0.673,0.07687765
554744597,-0.743,-0.52535444
757076481,0.195625,0.04548365
769314424,0.36349999999999993,0.3381421
554710465,-0.3445,-0.15461046
554710459,-0.30266666666666664,-0.10853732
723478323,0.25825000000000004,-0.20935887
723478324,-0.06533333333333334,-0.00022166967
554729883,-0.43979999999999997,-0.30431598
554735932,-0.11866666666666666,0.15141237
554735931,-0.17060000000000003,-0.295083
67948783,-0.028499999999999998,-0.046640515
572246780,-0.01025,0.61041665
67998129,0.34950000000000003,0.08309603
79674491,0.03524999999999999,-0.18275791
554732426,0.32,-0.17973083
586524124,0.019750000000000004,-0.023983598
766573709,-0.013666666666666666,-0.023646235
766573711,0.022,-0.029298961
766573710,-0.043,0.09020156
68101200,-0.078,0.10283595
806662554,0.16849999999999998,0.039678335
806689705,0.4406666666666667,-0.036269724
806689699,0.046,-0.05899936
749416245,-0.8543333333333334,0.09674114
765846674,-0.905,-0.008911014
51931468,1.792076923076923,0.7162496
51745942,-2.2322222222222217,-0.061645567
586510581,0.027666666666666662,0.97539276
586510580,0.322,-0.060689032
586510575,0.026000000000000006,-0.30265647
67898005,0.49466666666666664,0.0329929
554737019,-0.36074999999999996,-0.20601922
554737020,0.827,-0.4045878
554737022,1.0154999999999998,-0.2997306
79816587,0.45975000000000005,-0.13298208
554737141,0.0013333333333333346,0.02428019
554737140,0.3085,-0.042800844
554738233,0.996,-0.116264164
554738238,2.2255000000000003,0.12865514
79817199,1.9525000000000001,-0.09519923
773145149,0.46649999999999997,-0.23575884
51863422,0.019499999999999997,-0.014858305
554735886,0.42450000000000004,-0.003091395
554735887,-0.24766666666666662,-0.07213873
51867056,-1.432,0.05129069
51867057,-0.5401,0.4136276
765958285,-0.14750000000000002,-0.08080059
765925271,0.138,0.070783675
765948608,0.1405,0.3845337
765948610,0.13,-0.07915807
79766117,0.11199999999999999,-0.05648607
554734963,1.4289999999999998,0.334058
586495690,-0.293,-0.15658242
79760880,-0.5406666666666666,-0.061929524
79787280,-0.9115,0.36069733
79760292,-1.0876666666666666,0.011826336
554734632,-0.18359999999999999,0.012895644
554734633,-0.177,-0.22147375
765906866,-0.05500000000000001,0.11983436
765906850,-0.07100000000000001,0.009194076
554734575,0.0345,-0.0387789
765906875,0.0095,-0.36232227
765906874,-0.0495,0.20572025
586495709,-0.066,0.17052275
586497616,0.0075,-0.047717035
51745247,-0.009,-0.14321238
554734488,-0.028999999999999998,0.048695147
79917351,0.32499999999999996,0.070260584
554734486,0.2596,-0.050325572
727788395,0.07766666666666669,-0.36151272
67945952,-0.36866666666666664,-0.63307434
67945951,-0.26525,-0.04383856
554721778,-0.149,0.025970876
810349116,-0.205,-0.0031553507
79799397,-0.27388888888888885,0.059693158
79799406,-0.196,-0.014034927
572247348,-0.9242857142857143,0.07547063
80725678,-1.2005,0.048144996
51757294,2.1152307692307692,0.10043293
724123374,-0.616,0.05736929
67946224,-0.278625,-0.63603526
51788221,0.38839999999999997,0.2914062
554743261,0.6364,-1.2512581
67913015,-0.3097142857142858,-0.2469737
783428015,-0.644,0.41414613
769159860,-0.512,-0.70601124
572258383,-0.08299999999999999,0.051307797
572258382,-0.0395,-0.08269417
554713692,-0.05366666666666667,-0.26276904
783427931,-0.13133333333333333,0.10199195
783427930,-0.1205,0.16697186
51746511,-0.9278461538461538,-0.1722911
75410499,0.018333333333333333,0.10856372
61369532,0.004,-0.08407873
723517881,-0.4141666666666666,0.09291738
51740000,-0.040999999999999995,0.12800622
67946021,-0.21599999999999997,0.08090103
67946020,-0.516,0.3696031
572247209,1.36275,-0.3403657
586492528,0.404,0.10382897
586492527,0.3973333333333333,0.08503759
783404977,0.3575,0.0089918375
783404976,0.3383333333333333,-0.25335127
51962012,0.29000000000000004,0.20026177
763921130,0.48466666666666675,0.024784625
554712741,0.044000000000000004,0.6718438
554712742,0.064,0.16636342
586489695,-1.4669999999999999,-0.18253642
586489696,-1.0226666666666666,-0.029548705
572237213,-0.752,-0.226785
572247196,-0.12233333333333334,-0.07656258
554713752,-0.305,0.0901891
554713873,-0.2825,0.38042995
554713872,-0.3545,-0.34058386
67951945,0.078,0.16561437
554711898,0.011999999999999997,-0.18203229
711697679,0.0925,0.03361994
540640975,-1.2266666666666666,-0.16640514
67946233,-0.531,0.0025333762
67946234,-0.5970000000000001,-0.09893471
554712933,-0.5193333333333333,0.2691564
572217607,-0.69775,0.144045
67946239,0.16699999999999998,-0.034339964
60102813,-0.03699999999999999,0.13645571
67900129,-0.49275,-0.44387227
725001268,-0.567,-0.015845656
51756964,-0.377,-0.011583269
554712904,-0.292,-0.052208543
769191809,0.34400000000000003,0.08690256
769191810,0.7115,-0.17101878
572217356,-0.42766666666666664,-0.28322417
572217355,-0.23933333333333331,-0.20327193
769317718,-0.8252608695652173,0.006596029
769308612,0.087,0.22872216
554714072,-0.698,-0.3082847
67946489,0.0935,0.19267529
540609333,-0.1305,0.0034812093
60099068,-1.4340000000000002,-1.4989676
792615010,0.11939999999999999,-0.15222782
792615011,0.2665,0.14644426
792573348,-0.0175,-0.07346952
792573349,-0.028333333333333335,-0.0805608
724904578,0.021333333333333333,0.33171922
708470043,-0.06333333333333334,-0.17304474
773229304,-0.2763333333333333,0.21446842
773229303,-0.38233333333333336,0.00024336576
79946615,-1.0565000000000002,-0.023098707
51925234,-0.6955,0.28762424
68021131,-0.455,0.16464335
51748914,-0.29033333333333333,0.10699558
586524253,-0.0935,0.10710424
586524268,0.7536666666666667,0.8087979
67940973,0.30460000000000004,0.67547417
762453609,0.6257142857142857,0.016477048
74804613,-1.7675999999999998,0.43492234
75421540,-1.3645000000000003,-0.32529002
61015349,0.3805,0.107155025
763644778,-2.4133333333333336,0.11590868
763644777,-2.3656666666666664,-0.25297493
763644776,-2.503,-0.2471984
74788489,0.217,-0.05883044
763594518,0.536,-0.14699191
763594517,0.454,0.019575119
76216560,0.32599999999999996,-0.09396404
763594544,-0.23550000000000001,0.08119357
763594543,-0.2595,0.03278762
75421291,-0.19399999999999998,0.22187847
74788357,-0.065,0.05264008
74782882,-0.025500000000000002,0.05113238
74812733,-0.0185,0.017277002
74623130,-0.3845,-0.013430417
763594529,-0.304,0.14498764
792729328,0.5323333333333333,-0.20226628
587007410,-1.305,-0.3916605
76186928,-1.4435,-0.031179845
763554933,-1.849,-0.26112324
763554932,-1.6675,-0.045242727
51573742,-0.08000000000000002,-0.44287783
61373446,-0.13466666666666668,0.121109724
61373442,0.077,0.21686828
51582581,0.085,-0.052270114
51582579,-0.239,0.049319565
61373439,-0.314,-0.17248183
61373438,-0.27749999999999997,-0.01654154
51573431,-0.6739999999999999,0.12067324
51573232,-0.08750000000000002,-0.16354638
51573197,0.141,0.060199082
51573173,-0.02,-0.024775386
51573127,-0.26449999999999996,-0.15275198
75419771,-0.365,0.08614105
51577335,1.3233333333333335,0.082845986
762596652,-0.47950000000000004,0.019819975
75419731,-0.48450000000000004,-0.11108625
51582000,-0.232,-0.02495259
51581961,-0.044500000000000005,0.127374
51581924,0.13433333333333333,0.41280472
61359566,0.3443333333333333,-0.17839283
51581810,0.22000000000000003,-0.25622064
61373023,-0.033,-0.21543247
587006849,1.0410000000000001,3.7717562
762731910,1.0273333333333332,-0.0993886
762731909,1.025,-0.16766626
61362015,1.031,-0.165093
762741524,0.8654999999999999,0.012590528
762741523,0.7070000000000001,-0.106915176
762740044,-0.5595000000000001,0.17172784
51529878,-1.5330000000000001,0.0824824
75421594,-1.5729999999999997,-0.028854191
51532145,0.635,-0.3092757
67988242,0.5012857142857141,-0.11094344
67988244,1.594,-0.1613391
68111597,1.5895000000000001,0.4901492
68111596,1.5855000000000001,0.51669997
554721631,1.5470000000000002,0.1439538
554721665,-0.058,0.10156405
763000783,-0.2655,-0.13098204
763000782,-0.39649999999999996,0.100254774
586508176,-0.494,-0.43268782
766615522,0.21949999999999997,0.09748912
554721752,0.3315,-0.1941058
554721754,0.46950000000000003,0.18132228
554721753,0.2675,-0.28056055
67914869,1.7175,-0.032916665
67914877,1.677,0.11874962
763028209,1.4329999999999998,-0.93968374
763028217,-0.4183333333333333,0.028650701
68105703,-0.5833333333333334,-0.26772398
68097891,0.62775,0.0640952
724610225,-0.01675,-0.028589189
724610224,-0.10875000000000001,0.18703097
51757520,-0.1028,0.15248877
572247179,0.041749999999999995,-0.09343284
783515131,-0.10125,0.13794988
766818298,-0.8260000000000001,-0.03323984
773184809,0.18383333333333332,-0.1564408
51925578,-1.08625,0.2148785
783441355,-0.7404999999999999,-0.0901438
783441354,-0.982,-0.03308046
540621960,-0.431125,-0.14362866
540621962,1.0055,0.16094702
781539441,-0.12849999999999998,-0.06755388
554730506,0.058666666666666666,-0.0164935
51893801,0.09000000000000001,0.21510655
554730445,-0.2545,0.12944418
554730444,-0.4687777777777778,0.01649791
766751814,-0.3175,0.018821836
51894000,-0.593,0.014650226
706573923,-0.6425000000000001,-0.076524734
51926442,1.342,0.0072096586
572246524,0.7583333333333333,0.0047652125
554745486,-0.005500000000000001,-0.2222715
792617398,-0.36866666666666664,-0.17476231
792913816,0.0774,0.292875
783426621,-0.25666666666666665,-0.10594708
539290107,-0.24081818181818182,0.29491907
773144512,0.38625,0.13464785
773144513,0.40371428571428564,0.0116452575
51926715,0.1895,-0.17433661
587010913,1.3485,-0.13308036
587010911,-2.437,-0.089800954
762719558,1.4123333333333334,-0.074013054
762719559,1.3918571428571427,0.2892453
587010824,1.379,0.0681746
74986287,0.41700000000000004,0.024231791
809599360,0.5774999999999999,-0.11999214
724712671,0.04754545454545454,-0.5050021
716317093,-0.2655,-0.19236082
554737971,0.023999999999999994,0.37671292
765855283,0.6125,-0.18459183
724414764,0.30066666666666664,0.0224455
51925716,0.3235,-0.31588703
554730971,-0.313,-0.22212881
554712321,-0.09480000000000001,-0.03189808
724102339,0.04057142857142857,0.08076483
576449598,-3.71725,-0.15262169
761207703,-2.861125,-0.3263877
567338987,-2.947,-0.7066434
554709497,0.349,-0.20355481
67942486,0.462,0.07358366
51897349,1.2487272727272722,-0.3731385
586530547,0.192,-0.8139028
67895947,0.511,-0.022854865
67942452,0.5423333333333332,0.25956225
51757883,-1.3170000000000002,0.13719851
572228499,0.122,-0.11900562
792599783,0.5994999999999999,-0.04529625
586492284,0.04392307692307691,-0.44638282
762791219,0.17775000000000002,0.31797928
762791220,0.235,-0.15930527
756501843,0.2515714285714286,0.01687038
756501844,0.2954,-0.2786253
756501841,0.47100000000000003,-0.25026625
765970522,-0.8550000000000001,0.09054601
762622835,0.2445,-0.10331756
762622831,0.1755,0.1431145
74604823,-0.649,-0.31367785
75389045,3.0860000000000003,-0.3007024
763653212,3.009,-0.05847323
75422992,2.974,-0.0018801093
763653204,2.925333333333333,-0.2374577
763653203,1.901,0.33100218
74604869,-0.212,-0.17383224
565023376,2.403111111111111,0.048251748
541327062,-0.993,0.09823114
572660825,-1.1484999999999999,-0.1795718
572660826,-0.9814999999999999,-0.3484357
572717857,-0.46799999999999997,-0.0025644898
765296711,-0.34450000000000003,-0.28216463
551731097,-1.3659090909090912,-0.4483437
572708903,-0.618,0.034541547
77304242,1.4025,-0.15312082
572708899,-0.2773333333333334,0.06710321
551731319,-1.0104,-0.21713203
551731327,-0.46649999999999997,0.20373666
551731326,-0.14575,-0.030771554
51764237,1.6609999999999998,0.28039062
67945599,0.495,-0.033517838
766068747,0.8696666666666667,-0.023269236
766068748,1.095,0.0127468705
586495772,-1.4995,0.17123663
586495771,-1.5206666666666668,-0.26843864
51762137,-1.4048,-0.72198635
67945626,-0.9730000000000001,-0.31122833
766068752,0.8220000000000001,-0.08011377
766068751,-0.16475,0.53576803
792582262,1.8005,-0.32479817
51762554,-2.5725714285714285,0.54174197
51762556,-1.3533,0.007001877
67945557,0.12066666666666666,-0.10147649
67945558,-0.24050000000000002,0.7019165
766088783,-1.5065,0.09465879
766088782,-1.5763333333333334,-0.16714936
51963779,-1.567,-0.42171127
766088776,0.48533333333333334,-0.10175598
554729384,0.48500000000000004,0.26403004
51764187,0.316,-0.018580139
67945589,0.0445,-0.23919791
586492823,-0.5219999999999999,0.22928065
783405635,-1.1535000000000002,-0.053981245
783405634,-1.8550000000000002,-0.2991913
732360536,-1.7271999999999998,-0.9830491
766068753,-0.9740000000000001,-1.0953255
551731238,-0.6456666666666667,-0.26606363
565031816,-0.135,0.20256704
565031818,-0.107,0.022958636
565031819,-0.10925,0.18850291
551731137,0.1066,-0.10629958
551731138,-0.036,0.0796957
551731133,0.12775,0.1886465
551731132,-0.48275,-0.31332415
565022749,-0.467,0.4051904
572700236,0.381,-0.1328314
572688977,0.55875,-1.4530325
572688978,0.4445,-0.13698697
572700164,-0.511,-0.15168744
766068720,0.730735294117647,0.19324648
711386916,-1.8552499999999998,-0.13336849
709236242,-1.44,-0.105178714
80734091,-0.8540000000000001,-0.07465577
709169673,-1.01,-0.0038101077
709169674,-1.5253999999999999,0.050816357
572247304,0.40099999999999997,0.09474975
766068725,-0.15425,0.27361864
762936791,1.2536666666666667,-0.09308547
554720386,1.4000000000000001,-0.8840607
67897733,1.3835,-1.0657289
67897732,1.2153333333333334,0.011977255
67942718,1.2153333333333334,0.17637664
554736872,1.1986666666666665,0.16418499
51760409,1.1095,0.02015251
51760411,-0.687,0.18514234
67942707,-0.8813333333333334,0.009220958
67942708,-1.1815,-0.21881944
67945506,-0.9135,-0.38642544
554737163,1.521,-0.13229942
756694020,-1.2304,-0.23715979
554718210,0.4356,-1.2560511
554710463,-0.3555,0.058831334
51803905,-0.33225,0.33783132
771546278,-0.0932,0.15339947
771546279,-0.0275,0.057188928
51758055,0.8636666666666666,0.18823934
554718133,2.2395,-0.04951787
733381899,-0.10075,-0.102629006
733381898,-0.1435,0.213431
733381901,-0.21900000000000003,-0.08318776
733381900,-0.27249999999999996,0.2648586
67942463,-0.457,-0.30655533
67942462,-0.502,-0.3347569
768798999,-0.6865,0.04995346
768810406,1.2705,-1.0215411
768810405,1.18925,0.19571424
539164773,-0.27019999999999994,-0.010684311
67895938,-0.5880000000000001,-0.086352706
51757867,0.556,0.49704164
768810398,0.48450000000000004,-0.10049856
768810400,0.1658,-0.037639976
67942490,0.3539999999999999,0.19622344
727905723,0.5246000000000001,-0.013063371
727905718,1.0772,-0.29551917
783445065,-0.09,-0.14471835
67942085,0.6273333333333333,-0.2628377
792681505,0.4095,-0.21566266
792681504,0.20700000000000002,-0.15456837
67942089,0.0365,-0.07648629
67942087,-1.365,0.27920085
67942011,0.0005000000000000004,-0.5670503
572246757,-0.089,-0.40140027
67942010,-0.09133333333333334,-0.03563857
67941986,0.0925,0.015681684
51686701,-0.020399999999999995,0.77823913
51686771,0.6366923076923078,-0.3146457
727938238,-0.1055,-0.028745115
727938241,-0.566875,-0.009102881
554712812,0.8392499999999999,0.33528775
727938249,0.66825,0.27494133
727938250,0.23950000000000002,-0.17392999
51736236,0.0616,0.13138187
51736243,0.067,0.116701245
727938218,0.06175,-0.05318314
727938219,0.05275,-0.07133472
792712070,0.852,0.5873082
792712071,0.790625,-0.04910463
792712062,0.7513333333333333,0.056843042
67946010,0.2125,-0.0076873302
67945956,-0.069,0.15687412
724244962,0.0625,-0.013502717
61369612,-0.0335,-0.016102493
76173710,0.4493333333333333,-0.08567017
772020947,1.296,-0.05883044
67946008,0.201,0.20079833
67946009,0.253,-1.0124195
554722190,0.5582499999999999,-0.9610639
554722189,0.49640000000000006,0.35327113
763565562,0.23049999999999998,-0.029877007
763565561,0.5880000000000001,-0.43856603
554718181,-1.5427499999999998,0.009799182
554718180,-1.4603333333333335,-0.042686045
51788161,-1.6465,-0.094537556
51788188,-1.5485,0.11622876
67942076,-0.115,0.06587905
554712426,-0.243,-0.030725181
554712425,-0.236,0.2451666
67942075,-0.24933333333333332,-0.16959411
68142056,0.9904999999999999,0.09180248
80684850,-0.9815,0.0048436522
554729537,0.014666666666666661,-0.13350719
554729538,-0.5095,-0.22462386
554729532,-0.644,0.008890748
792526796,-0.5747500000000001,0.12953156
783452371,-0.13625000000000004,0.0012470484
773274450,-0.396,-0.12236118
51849630,0.6934000000000001,-0.013941467
51864212,-0.011999999999999999,-0.10619342
773257543,-0.049,0.2737413
773257542,-0.064,0.116718054
773257544,-0.1648,0.31288373
586506575,-0.212,0.2221185
586506574,-0.10733333333333334,0.5375333
749461194,-0.052333333333333336,0.1431207
586506631,-0.07400000000000001,0.04592818
586506431,-0.6906000000000001,0.32964212
586506594,-1.5722857142857143,-0.20669061
554738797,0.611,-0.2025581
792834995,-0.3205,-0.18945032
792515448,0.709,-0.8552405
792515447,0.883,-0.09298903
51947045,0.1955,-0.18717235
572217768,1.5218999999999998,-0.0056696534
554710037,1.69775,-0.11784297
586484817,0.0963,-0.02726835
586484801,-0.1754,0.30514652
586484800,0.3964,0.5625574
586484810,0.5536666666666666,-0.13362598
572247780,0.016499999999999997,0.07576966
783428032,0.091,-0.3110476
67943323,0.096,0.43970668
67943322,0.099,-0.18376535
67943327,-0.015333333333333338,0.17526823
67945863,0.03866666666666667,0.5414399
67951941,0.11499999999999999,-0.055868626
769248996,0.035,-0.20238358
792860137,0.02975,-0.7178801
756507889,1.8206666666666667,0.0061349273
51761603,0.3215,-0.10281426
572217290,-0.097,-0.065479696
765908118,0.13833333333333334,0.07226366
765908117,0.23014285714285715,0.03313911
554709659,0.3564,-0.027858555
51763818,0.2743333333333333,-0.35927278
572246860,1.2125,0.6156888
67942441,1.6695000000000002,0.7019737
554709567,1.3784999999999998,-0.3645708
768799000,-0.5093333333333333,-0.16609317
586503060,0.8530000000000001,0.054454625
80677678,0.54125,-0.0840109
51925804,-0.9043333333333332,-0.2361973
51929959,-0.5175000000000001,0.23367155
51871881,-0.16933333333333334,-0.054109514
51875119,-0.062,-0.0026314259
572248804,0.44499999999999995,-0.026846886
51871878,-0.06066666666666667,0.020882905
83572768,-0.07050000000000001,0.19610125
83572767,-0.10700000000000001,0.07076806
51871877,-0.04625,-0.11255705
724623596,-0.1275,-0.04423994
51884610,0.08650000000000002,1.0164671
586525971,0.00625,-0.059625924
51884615,-0.09949999999999999,0.066886485
83670777,-0.11766666666666666,0.031638503
83670780,-0.08349999999999999,0.13847733
811768927,0.2635,0.17010033
811768916,0.16999999999999998,-0.11081272
67948522,0.09800000000000002,-0.13785976
51883233,1.4916666666666665,-0.15739518
67948524,0.4243333333333334,0.06662828
51883237,0.978,-0.15600044
572204412,-0.8665,-0.073373854
51867687,-0.017666666666666667,-0.04730636
83662590,0.035500000000000004,-0.030032933
51867645,-0.10200000000000001,-0.21598059
51867079,-0.06899999999999999,0.009237349
554739612,-0.1295,0.09749395
554728248,0.057666666666666665,-0.0040171742
554728249,0.372,-0.05409819
67942292,0.26366666666666666,-0.10085553
769211615,-0.27366666666666667,0.5945468
756023337,0.19260000000000002,-0.23003739
67945526,0.3875,-0.042404413
756059082,-0.6040555555555556,0.04468435
67945728,-0.524,-0.19535762
51763540,-0.555,0.15805835
51763541,-0.6765000000000001,-0.31653863
67945723,-0.8668000000000001,0.14634126
554729754,-0.35400000000000004,-0.09210408
554729605,-0.4073333333333333,-0.26677054
756025164,-0.995,0.11624497
554726983,0.319,0.058441997
80732186,4.555249999999999,-0.030848444
756436613,-2.7301999999999995,-0.099926114
756436614,-3.2125000000000004,-0.19639105
80732469,0.945,-0.08228195
809537036,-0.6104,-0.037288964
809537037,-0.35866666666666663,-0.22759503
783450900,0.8115,-0.051954746
67949422,-0.05,0.092588365
67949424,0.2425,-0.14975935
51926253,-0.031000000000000003,-0.10191405
67949367,-0.0535,-0.5055714
51926200,-0.0575,-0.4590034
51946577,0.495,0.116006136
590222985,-0.0006666666666666649,-0.04579532
762922447,0.0155,0.0059313774
67912268,-0.6445,0.250768
727938245,-0.45599999999999996,-0.13906753
727938246,-0.024500000000000008,-0.40350908
67902763,0.27349999999999997,-0.06182605
783428034,0.037000000000000005,-0.10037863
67912546,-0.8981538461538462,-0.39983255
554713858,-0.08366666666666667,0.044340014
586502993,-0.06025,0.091376245
586501973,-0.057499999999999996,-0.082944214
586502991,-0.07475,-0.25797087
586502990,-0.08566666666666667,0.08986634
67945948,-0.06375,-0.12445396
67945947,-0.0635,-0.381172
67915201,-0.08950000000000001,0.4814908
67901624,0.22149999999999997,0.05623895
727938217,-0.29000000000000004,-0.066623926
727938215,0.137,0.0057033896
51736058,0.0625,0.2802201
799344419,0.229,-0.16351372
554712665,0.137,-0.041795313
775186796,-0.277,0.13576406
775186795,-0.22075,-0.059158027
554712669,-0.15633333333333332,-0.12642819
554712670,-0.15333333333333332,-0.08610779
554712637,-0.008,-0.19717127
67945314,0.23525000000000001,0.09971684
724153838,-0.7766666666666667,0.10926503
554734550,-0.3835,-0.14421672
554734549,-0.035,-0.21856707
554750341,0.198,-0.32642573
554734882,-1.3045,-0.10332435
554734881,-1.4456666666666667,-0.4504866
51689446,-2.587076923076923,-0.69307166
586499023,-0.40125,-0.25824267
68000413,0.3616,-0.12928677
68004928,0.16699999999999998,-0.2936235
68004930,-0.8220000000000001,0.03323263
67949633,0.0695,-0.025099218
51924759,0.17900000000000002,0.028284132
763755583,-0.47700000000000004,0.11015254
763755582,-0.4655,-0.08323681
51952855,-0.6206666666666667,-0.7770688
51926072,-0.21083333333333332,-0.067356765
51835434,-1.5230000000000001,-0.075779736
51835437,-0.44499999999999995,-0.12584335
51838484,-0.27066666666666667,0.0333485
51834447,-0.05740000000000003,0.0123355985
74866572,-0.019,-0.17442983
74866566,-0.8250000000000001,-0.15669936
76200229,0.15740000000000004,-0.3215204
74867442,-0.19633333333333333,0.15744996
74867446,0.026000000000000002,-0.4698009
770389007,0.083,-0.10381931
770389006,0.10766666666666667,-0.14557213
572213999,0.23425,-0.079176545
792504889,-1.1234,-0.017610013
572247798,0.17060000000000003,-0.123217404
572247797,-0.279,0.028254092
586493301,0.327,-0.17285568
540609385,0.0635,0.14441884
792678671,0.0885,0.123708546
759459213,0.18025,-0.35856944
759459214,0.15666666666666665,-0.3582657
51809303,-0.249,0.071377754
51809300,-0.127,-0.046886623
762926515,-0.193,-0.38384527
762926514,-0.15333333333333335,0.042108357
572235225,-0.4265,0.0529055
764746282,-0.8845000000000001,-0.17536324
586499494,-1.5552500000000002,-0.09280294
572237001,-1.148,0.0236817
554738102,0.2704,0.07123959
765147624,-0.16416666666666666,0.11575538
765147625,0.6966666666666667,0.13209194
51837363,0.7574,0.17664659
756066822,0.7885,-0.04222703
576439214,0.0006666666666666666,-0.3378201
576439212,0.051,-0.34322387
576439195,-0.2545,-0.13515192
78651349,-0.3715,-0.2612689
52575088,-0.3546666666666667,-0.10883266
779431997,1.4536666666666667,-0.14392227
51837874,-0.4295,0.12514782
572218842,-1.2617500000000001,-0.6760531
572218828,0.7003333333333334,0.008427203
764746263,-0.05874999999999998,-0.014013767
764746275,1.2705,-0.1344173
551724112,-0.5335,-0.16290373
541292635,-0.1173333333333333,-0.049353063
77308554,1.8704,-0.09440619
769266556,0.043333333333333335,0.10226035
572710541,0.45166666666666666,-0.058024406
565024820,-2.4625,0.19907087
572661108,-0.684,-0.089288116
765855265,-0.13724999999999998,0.09632325
765855264,-0.132,0.0051330924
51788273,-0.1315,-0.25917536
79638449,0.45433333333333337,0.041684806
554737887,-2.2206,0.7617614
79638475,-0.109,0.15935981
586499509,-0.030333333333333337,0.3627782
572217672,-0.03949999999999999,0.39225143
51833251,0.7360000000000001,0.020893097
53444225,0.27299999999999996,-0.20323807
551710456,-0.31250000000000006,-0.076018095
64974229,1.6166666666666665,-0.25969833
53375057,1.893,-0.39217287
77302773,1.7295,0.4457641
77302774,1.0650000000000002,-1.0597491
77302775,0.6125999999999999,-0.1159938
554707059,0.32575,-0.10403246
554707060,-0.24924999999999997,-0.123431146
51838363,-0.7633333333333333,-0.088763595
757522246,-0.7016666666666667,-0.094390094
757522245,-0.24299999999999997,-0.106496334
51837490,0.13233333333333333,0.52602214
51838817,0.011999999999999997,0.010091186
757509171,-0.4422,-0.30512482
51833821,-0.07333333333333332,-0.001698792
51835118,0.041499999999999995,-0.24993557
51838476,0.073,-0.27577072
51835121,-0.11033333333333334,0.13226885
51835124,-0.9446666666666667,0.04910636
758291175,-0.9465,-0.2813509
51835126,-0.563,-0.11415714
586503165,-0.48050000000000004,-0.26306397
758291178,-0.5175,-0.2849645
756446186,-0.07733333333333332,0.1550842
51837323,-0.16399999999999998,-0.12141079
756446190,-0.21233333333333335,-0.21457392
756446189,-0.22,0.34156567
67946764,-0.24633333333333332,-0.13640851
724109525,-0.0675,-0.70226187
792873343,0.036333333333333336,-0.17101246
67946762,-0.128,0.049590766
67951999,-0.08524999999999999,0.015785098
67952000,-0.855,-0.046735287
724109523,-0.2995,-0.1264469
51835522,-0.31633333333333336,-0.31570393
572199666,-0.81,0.055064857
572199664,1.0439999999999998,-0.0682829
759391117,-0.0075,-0.009064615
759391116,-0.0085,-0.15467042
554740354,-0.0035,-0.31730992
759391125,-0.005,0.2301265
759391124,0.023,-0.15357214
759391114,-0.0004999999999999999,-0.19961435
759391115,0.0016666666666666668,-0.11609632
792656903,0.027333333333333334,-0.028295279
759178468,0.15566666666666668,-0.039533913
765855287,0.40775,-0.3125673
51752417,-0.6970000000000001,0.16786844
727770129,-0.609,-0.040558815
783445053,-0.4656666666666667,-0.09025699
554714000,0.7879999999999999,-0.016602933
554714012,0.67725,0.25959724
554711302,-0.043666666666666666,0.4516195
770387969,0.8656666666666667,0.6751767
554743297,-1.2792000000000001,0.51237077
572260078,-0.28240000000000004,0.101627946
770387971,0.15533333333333335,-0.16504067
554729212,-0.039999999999999994,-0.1497963
554698158,-0.5145,0.041757464
554729214,-0.5025,0.20155066
51794392,-1.312,-0.15522903
51794184,-0.1612,-0.31291872
718223913,-0.30866666666666664,0.3509671
718223912,-0.3213333333333333,-0.03008622
80675410,-0.333,0.18843728
764199975,-0.46199999999999997,0.20793825
764199977,-0.6355,0.16656154
764199976,-0.68,0.17391527
554713505,-0.43339999999999995,0.045018613
764199943,0.1638,-0.15589672
764199974,0.024999999999999994,-0.017463744
576450359,-1.7127499999999998,-0.08567703
576450356,-1.8416000000000001,-0.12293261
762628566,0.46874999999999994,0.089111805
548079651,-0.7203999999999999,0.021662414
548071937,-0.18325000000000002,0.26926535
548071932,0.123,-0.1446206
51926068,-0.836,-0.2788995
586506438,-0.409,0.045737863
586506629,0.045000000000000005,0.10737884
586506562,0.014333333333333332,0.18716842
586506563,0.014,-0.11703557
812121984,-0.015000000000000001,-0.17071658
812121985,-0.0645,-0.37148923
773257551,0.004250000000000004,0.18181437
773257552,0.0415,0.5204581
812121988,0.036,-0.06220162
586505173,0.03175,-0.105119586
554716346,0.134,0.120102525
572201824,0.15,-0.03480178
51689548,0.3651999999999999,0.14414048
762810094,0.26980000000000004,0.03048706
51721166,-0.2536666666666667,0.50815314
769166650,-0.5926,-0.19459826
733381917,1.7776666666666667,-0.00799948
727454255,2.8975,-0.731996
51969814,0.98575,-0.11658847
792532143,0.8305,0.5778307
783390540,-0.3065,0.06183344
586528773,-1.5314,-0.042399347
67944316,0.08633333333333333,0.36411744
572246849,-1.6412499999999999,0.050324738
67944322,-1.7275,-0.46604055
67944340,-1.3453333333333335,0.48737144
756023343,0.3566,-0.013387144
756023342,0.02925,0.041157186
51761600,-0.1795,0.08867502
572217292,-0.41966666666666663,0.06692505
769208220,-0.7065,-0.071481705
554721689,-0.43100000000000005,-0.39202338
554721693,-0.4023333333333334,-0.23868924
718100201,-0.6917142857142856,-0.37033862
51788434,-0.7986000000000001,0.23255259
67943268,0.28225,-0.03076464
757076477,-0.5803333333333333,-0.23467678
757076480,-0.7205,-0.03703195
757076479,-0.753,-0.16852671
554709992,0.6257499999999999,-0.13664216
51804672,1.0679999999999998,0.18596405
67943308,0.7423333333333334,-0.20704633
554712368,0.202,0.07808918
783515132,-0.2405,0.19079
540621949,-0.49699999999999994,-0.15131944
540637698,0.022333333333333334,-0.27177435
67947716,0.31120000000000003,-0.20664304
51928649,0.2015,-0.45992416
722868937,0.2935,-0.0042620897
766764976,-0.23266666666666666,0.072966754
62072820,-0.8812222222222222,-0.14346021
792712082,0.1945,0.09482145
792712083,0.4154,0.13735598
727938226,0.5275,-0.3890739
727938227,0.7081666666666666,-0.5955866
727971300,-0.3865,0.2501467
554713832,0.21650000000000003,-0.15780443
554745157,-0.15949999999999998,-0.1400314
67946038,-0.11649999999999999,0.28057468
554745158,-0.13575,0.01827979
572247218,-0.124,0.22000176
572247217,-0.0625,-0.22117656
572246906,-0.16719999999999996,-0.2654243
554713388,1.0135,-0.09996724
80733551,0.11806249999999999,-0.20915109
67942150,-0.11,-0.83703834
572219504,0.45,-0.20147389
80733550,0.051647058823529435,0.29135084
554713119,-0.867,-0.07573253
51735388,0.03,-0.155474
51739695,0.3145,-0.29411846
80675990,0.17766666666666667,0.042808652
773196695,-0.0825,0.08739442
812408549,-0.06955555555555554,-0.47937435
554732354,0.2723333333333333,-0.097338855
554732429,0.5123333333333333,-0.09609294
51926653,0.8245,-0.42233735
554712097,0.5385,0.10960609
554712096,0.254,-0.3307523
554712099,0.1565,-0.0878762
554712098,0.12433333333333334,-0.17708796
769212072,-0.3350000000000001,0.28885347
67943061,0.20600000000000002,0.32321358
773144528,-0.186,0.4659407
773144529,-0.2125,0.17387635
572247238,-0.214,-0.10353333
554712266,-0.23299999999999998,-0.68208724
554712251,-0.8576250000000001,0.030519187
554712238,-0.22899999999999998,-0.3593157
773144515,-0.3008,-0.17479211
716354334,0.1622857142857143,0.17487532
79652212,-0.5012307692307693,-0.38064307
51921733,-0.26599999999999996,-0.06444037
554732335,-0.5105,0.39625263
773144762,-1.3654166666666665,-0.2642532
554712255,0.9794444444444446,0.08660036
51753524,0.5172500000000001,-0.053025126
773144518,-0.26075000000000004,-0.025830328
572258380,-0.236,-0.26390535
572258381,-0.12275,-0.041372895
67918240,-0.14800000000000002,0.07686007
783450227,-0.22050000000000003,0.94014215
554745581,-0.1895,-0.11600053
762845647,0.15725,0.09810805
762845648,0.202,-0.18033868
762845641,0.3985,-0.090950966
797886923,-0.05466666666666667,-0.29433018
541138428,-0.4633333333333333,0.105520666
772813633,-0.5352222222222222,-2.396675
586814398,-1.8806666666666667,0.51326096
586814397,-2.47475,-0.68146116
53672330,-2.3616,0.07885307
724069759,-1.2516666666666667,-0.31108767
75092262,-0.735,0.17688638
772379764,-0.7475,-0.12264502
554775521,0.49150000000000005,0.28886235
772379756,-1.8247499999999999,0.7290332
772379757,-1.6756,-0.9268647
772379755,-0.84625,-0.15978175
565393113,-0.3960000000000001,0.3902239
565393114,-0.3985,-0.09688127
548076921,-0.36933333333333335,0.10013288
554762929,1.2383333333333333,-0.026688874
554762930,1.2040000000000002,-0.5910488
53372872,0.4266,-0.26229197
565024798,0.389,0.094961464
551724103,0.1548,-0.060305893
541292589,0.32549999999999996,0.1663093
541292586,0.00825,0.17490792
764746269,0.838,0.8748685
565024807,1.0403333333333333,-0.1415264
764746286,0.55725,-0.03269416
764746285,0.567,-0.18240589
572235391,-0.003333333333333336,-0.20939106
80722760,-0.36850000000000005,-0.06351143
765835444,-1.2396666666666667,0.6058212
765835440,1.1323333333333332,-0.067543745
79758242,-0.31366666666666665,-0.29472893
765835443,0.38033333333333336,-0.18030304
586506451,-0.6411999999999999,-0.04482782
572236997,0.31814285714285717,0.14415514
572237002,-0.3516666666666666,0.08840525
586506465,-0.6036,0.093016505
586506466,-1.7256666666666665,0.08674353
68152728,-0.608,-0.04387766
68152673,-0.6745,-0.12953782
68152279,0.1075,0.2557541
554738198,0.18600000000000003,-0.07000542
554738197,-0.4566666666666668,-0.19957024
51756731,-1.1280000000000001,-0.114344895
554738199,0.07600000000000001,-0.059485912
586528939,-0.40890909090909083,-0.18108386
586528940,-0.1485,-0.17413312
554737395,2.51,-0.1104092
51756736,2.5214999999999996,0.011483252
51806447,-1.4796666666666667,-0.23829967
586518468,0.9522499999999999,0.015569985
51810691,-0.1725,0.13024521
792329976,-0.0535,-0.09463531
732529319,0.08433333333333333,-0.029084265
718116651,-0.121,-0.45191425
83749598,-0.0915,-0.22901064
554733844,-0.06625,0.24810922
586516190,-0.5463333333333333,0.09392446
586516194,-0.586,0.1703372
554735739,-0.38949999999999996,-0.08785373
554735737,0.48500000000000004,0.1815092
67965196,0.16949999999999998,0.11458939
798637521,0.21166666666666667,0.048493743
554733995,0.27649999999999997,-0.04964906
67968644,-0.441,-0.5392007
67968434,-0.3955,0.3091665
51750411,-0.0105,-0.15127641
51750410,0.10166666666666667,-0.04745549
764782966,0.0015,-0.12950641
764782967,-0.23149999999999998,-0.26585215
764782973,-0.279,-0.24409693
764782974,0.01100000000000001,0.5531543
67900411,-0.26466666666666666,0.53205186
764782970,-0.1475,0.0025644302
586527731,-0.08800000000000001,0.122516155
554722703,-0.32499999999999996,-0.08698487
540646119,-0.219,-0.15401322
61968104,0.4495,-0.036905587
67195270,-2.8256666666666668,0.5567393
792455077,-1.4992307692307691,0.115266085
792455078,0.121,0.12138349
792734586,0.2314,-0.011972606
762782234,-0.007799999999999999,0.15295702
762782233,0.081,0.083569825
762748146,0.06833333333333334,-0.08785015
783507768,-0.0014999999999999944,0.07367176
783507767,-0.649,-0.31962925
799538948,0.197,-0.14388162
67944309,0.016666666666666673,0.29607677
572217892,-0.12566666666666668,-0.0656144
51802480,-0.2022,0.04246968
806632046,0.19419999999999998,0.1826042
724414851,-0.017666666666666667,0.09556466
60102815,-1.4635714285714287,-0.14674628
60102806,-0.03214285714285714,-0.11078012
67948006,0.15033333333333332,-0.25679153
60098599,0.613,0.011947215
67947940,0.24,0.46400505
51885793,-0.133,-0.14729005
762699295,1.37,-0.22343093
762699299,1.029,-0.044345856
762699300,0.672,-0.033154607
762699298,0.3115,0.12470287
762699296,-0.01525,-0.22000831
587010866,-0.8745,0.026150525
762699301,-0.8425,0.058882356
762699302,-0.634,0.13757783
762699303,-0.15549999999999997,-0.041177332
551710472,-1.2690000000000001,-0.2659902
551722516,-0.825,0.81136537
572220886,1.1745,0.21692717
783443140,0.5766666666666667,-0.08410317
586500683,0.6785000000000001,-0.04189849
74854614,-0.433,-0.047158778
74854285,0.22875,-0.5410021
74854611,0.13483333333333333,0.20962566
554752694,-0.6159090909090909,-0.4521131
572229769,0.192,0.5562349
760285930,-0.004666666666666667,-0.081245124
554723882,0.289,-0.04065591
792712212,-0.06833333333333334,-0.2623561
51834200,0.1225,0.106820345
51834513,-0.42100000000000004,0.030779779
540638214,-0.18933333333333335,-0.22697526
540638215,-0.02,-0.0932107
554733930,-0.051000000000000004,0.33107972
51835173,0.037750000000000006,-0.13253349
51834501,-0.18366666666666664,-0.045823753
540617277,0.0595,-0.06776339
51936982,-0.11733333333333333,-0.045262992
51936980,-0.1945,-0.051533997
554725049,0.611,-0.15426975
554725050,0.502,0.46840766
763653893,0.214,-0.10892099
75419196,0.28500000000000003,-0.07097381
61149919,0.0804,0.03874898
75419195,0.1546666666666667,0.21811539
61148802,0.23199999999999998,0.056117356
61148804,0.7763333333333332,-0.120698094
760224787,-1.4075,-0.6580178
67902495,-0.1325,0.021389782
67902319,-0.0154,-0.1595419
67902320,-0.0065,-0.025510788
769281700,-0.6739999999999999,-0.16305882
797951469,0.7083333333333334,-0.25664574
797951470,0.2415,-0.09715474
572683740,1.2425,0.15747058
572684531,-0.10600000000000001,0.26940668
572684529,-0.19533333333333333,0.14493954
565384335,-0.5265,-0.18799263
565384334,-1.1933333333333334,-0.20265073
565384277,-1.93125,-0.01599288
77316024,0.02516666666666667,0.21367222
77316023,0.1405,-0.07014316
586827859,0.74525,0.104980946
586827860,0.6564,-0.18801278
565415926,0.5087499999999999,0.170492
762798445,0.36566666666666664,-0.3186484
762798444,1.0370000000000001,-0.08609396
786923701,0.6440833333333335,0.16447139
711688590,-1.1956,0.0039439797
711688591,-0.5627142857142857,0.044591844
723586009,-0.1365,-0.25147897
711688588,-0.6900000000000001,-0.03963536
586809524,0.293,-0.2638803
554818940,-0.5953333333333333,-0.056851447
548021178,1.2866000000000002,-0.064736426
554818987,0.266,0.051944315
53400406,-0.646,-0.13370508
554819008,-0.4655,0.0022090673
565393985,-0.255,-0.13672608
762740036,-2.2800000000000002,-0.102449894
762740035,-2.5406666666666666,0.13309574
762740034,-2.6189999999999998,-0.02661711
762740031,-2.61625,-0.2049995
762741519,-2.537333333333333,-0.06556779
762741520,2.4789999999999996,1.5645431
74887585,0.349,-1.1105614
762740025,0.08233333333333333,-0.38353306
762741522,-0.5675,-0.033192456
565386525,-0.265,-0.14433545
565394015,-2.024,0.52826715
565394012,0.405,0.0068576336
565394013,0.1248,-0.07413852
565394011,-1.1815,0.0787155
565394007,-0.5985,-0.13321668
565394005,-0.731,-0.010812938
53400426,-0.6555,0.08860922
554818506,-0.28525,-0.057260633
554818511,-0.1142,-0.08952725
565386523,0.1415,0.16790473
762798483,0.3735,-0.0033848882
762798484,0.7086,0.0816654
554818714,-0.8025,0.1194157
565415787,0.864,-0.10539657
723582099,0.22399999999999998,-0.33037132
548114032,-0.9395,-0.044630468
711688528,1.8448,-0.08936328
711688529,1.843,-1.1197321
711688531,1.8226666666666667,-0.36717993
711688532,1.8198,-0.40819484
711688534,1.6561111111111113,0.1561417
724696249,1.3559999999999999,-0.17223555
792538565,0.857,-0.13930976
51790496,-0.6,0.1317833
51789729,1.5045000000000002,0.1063872
67944721,-0.5516666666666666,-0.57828957
67944474,-0.637,0.01899612
540638392,0.137,-0.052525282
51811666,-0.09566666666666666,-0.18499774
51811667,0.13325,0.03311771
763770268,0.8015,-0.10978764
51797732,1.1365714285714286,0.00091791153
51806685,0.3253333333333333,0.0031285286
763770263,-0.06466666666666666,0.026077688
763770259,0.3195,-0.32254726
781828115,-0.9520000000000001,0.0251832
67944545,0.26533333333333337,-0.20537645
51806511,-0.446,0.21231079
67944585,-0.23299999999999998,-0.1656068
576448289,0.62225,-0.5393191
576448290,0.66,-0.050929666
576445083,0.6187499999999999,-0.18452865
550095360,0.6305000000000001,-0.43984753
576444824,0.4210833333333334,-0.03648299
550095314,1.4255714285714285,0.82856137
576425177,2.1746666666666665,-0.010887444
61904520,0.97675,0.20457882
78654756,0.5407500000000001,-0.0901615
576426537,1.087,-0.03413719
61910231,-1.2135,-0.0044906735
61910230,-1.5746666666666667,0.34968352
61910571,-1.1263333333333334,-0.098772764
52571183,0.49800000000000005,-0.050178587
52565042,-0.376,-0.045000613
52565071,-0.4056666666666667,-0.036459982
52575122,-0.3036666666666667,-0.22788364
550096767,0.040499999999999994,0.20208645
78651496,-0.2213333333333333,-0.050950706
576439189,-0.1805,-0.044983447
792860096,0.0685,0.28471947
792860095,0.053,-0.022559702
792788844,-2.20675,-0.19974023
51606246,-1.4700000000000002,-0.83150345
51577277,-1.029,-0.22236985
75410778,-0.1305,-0.044835687
61371951,-0.6815,-0.22171265
723483696,-2.3335,-0.4428478
51520362,0.5730000000000001,0.24978948
75382151,1.0683333333333334,-0.13396108
75411056,1.2898,-0.28593963
724400492,-0.24949999999999997,-0.044359624
554714067,-1.8200000000000003,0.0525406
67910872,-0.9968,-0.62718886
67946574,-0.16949999999999998,-0.17136103
727971324,-0.161,-0.086358964
727971297,-0.10766666666666665,-0.0146788955
727971296,0.034,-0.24813575
67945926,0.119,-0.042533994
67901671,0.708,-0.42672426
727971299,0.911,-0.07840508
727971298,0.729,0.19042194
727971330,0.1225,-0.021642745
67901480,-0.17574999999999996,-0.057642996
51729283,0.5185,-0.07640028
51729270,0.514,-0.18644696
67943727,0.5056666666666666,-0.5981732
67943697,0.604,0.54767585
67905385,-0.529,0.37777162
554734615,0.085,0.5159187
554734614,0.227,0.08300066
554734611,0.163,0.044819653
554734610,0.1135,0.00047504902
51694141,-1.39825,-0.21792263
51707174,-1.4152,0.08755672
783408030,-0.2036,-0.10110927
724739688,-0.15025,0.4422094
554734551,-0.2293333333333333,-0.09161496
554709545,-0.7856666666666667,0.29045892
51702683,-0.064,-0.103732765
554711311,0.255,0.13555354
554711310,-0.117,-0.2537735
64978452,-0.2145,-0.04459864
64978450,0.123,0.0057085156
64978451,0.26466666666666666,-0.09991354
75410579,0.8420000000000001,-0.11463791
